species,length,weight,w_l_ratio
0,364,122,24
0,35,104,39
0,163,123,33
0,90,113,36
0,380,115,23
0,249,105,27
0,255,110,27
0,121,90,31
0,38,93,37
0,167,103,31
0,131,117,34
0,328,93,23
0,168,110,31
0,39,97,38
0,80,102,36
0,254,98,26
0,15,97,40
0,144,107,32
0,206,84,27
0,113,93,32
0,323,101,24
0,236,113,28
0,17,108,42
0,151,109,32
0,58,117,39
0,264,100,26
0,51,97,37
0,218,102,28
0,22,88,38
0,87,98,35
0,378,103,22
0,355,118,24
0,82,88,34
0,198,114,31
0,200,101,29
0,53,125,41
0,259,122,28
0,49,103,38
0,60,108,38
0,117,107,34
0,156,112,32
0,63,97,36
0,85,92,34
0,32,106,40
0,176,125,33
0,236,89,26
0,151,94,30
0,317,111,25
0,294,119,27
0,191,108,30
0,144,107,32
0,79,86,33
0,258,109,27
0,63,107,37
0,301,110,26
0,240,102,27
0,36,106,39
0,131,106,33
0,291,116,27
0,93,106,35
0,116,101,33
0,19,101,40
0,111,114,35
0,284,103,26
0,141,94,31
0,118,102,33
0,69,102,36
0,30,111,41
0,53,97,37
0,256,104,27
0,356,114,24
0,99,108,35
0,2,83,40
0,178,116,32
0,123,95,32
0,283,109,26
0,293,112,26
0,244,94,26
0,98,118,36
0,29,103,40
0,164,103,31
0,199,111,30
0,198,109,30
0,31,100,39
0,156,112,32
0,248,95,26
0,60,108,38
0,68,122,39
0,19,99,40
0,107,83,31
0,25,95,39
0,59,105,37
0,179,85,28
0,75,88,34
0,14,95,40
0,57,124,40
0,66,103,37
0,215,106,29
0,45,106,39
0,253,121,29
0,70,106,37
0,182,101,30
0,54,111,39
0,254,108,27
0,166,89,29
0,40,102,38
0,8,112,43
0,47,102,38
0,152,95,31
0,137,89,31
0,41,102,38
0,142,104,32
0,107,123,36
0,269,106,26
0,196,99,29
0,182,121,32
0,132,106,33
0,86,83,33
0,105,109,35
0,166,101,30
0,95,96,34
0,323,119,26
0,55,118,40
0,356,115,24
0,148,108,32
0,159,117,33
0,306,119,26
0,181,102,30
0,198,99,29
0,65,115,38
0,174,100,30
0,186,101,30
0,25,117,42
0,270,112,27
0,10,106,42
0,119,110,34
0,97,111,36
0,273,100,26
0,90,86,33
0,147,108,32
0,45,79,35
0,268,110,27
0,170,103,31
0,38,111,40
0,7,111,43
0,18,100,40
0,114,93,32
0,69,93,35
0,197,113,31
0,135,106,33
0,153,110,32
0,121,103,33
0,42,100,38
0,19,91,39
0,56,91,36
0,373,97,22
0,304,132,28
0,4,94,41
0,159,96,30
0,78,103,36
0,219,105,29
0,58,89,35
0,34,99,39
0,112,93,32
0,95,99,34
0,257,116,28
0,46,88,36
0,270,108,27
0,187,103,30
0,143,113,33
0,93,112,36
0,28,111,41
0,368,119,24
0,34,91,37
0,86,90,34
0,207,112,30
0,199,113,30
0,4,95,41
0,230,112,29
0,161,113,32
0,90,112,36
0,88,93,34
0,357,102,23
0,199,88,27
0,57,110,38
0,215,116,30
0,129,100,32
0,98,92,33
0,241,105,27
0,223,114,29
0,0,102,43
0,115,114,35
0,44,98,37
0,234,120,29
0,188,115,31
0,188,89,28
0,43,114,40
0,64,120,39
0,80,108,36
0,226,106,28
0,200,98,29
0,247,115,28
0,55,92,36
0,151,95,31
0,41,102,38
0,231,120,30
0,128,105,33
0,200,88,27
0,179,110,31
0,5,112,43
0,18,97,40
0,216,107,29
0,249,111,28
0,27,98,39
0,208,106,29
0,88,103,35
0,89,101,35
0,188,118,31
0,213,117,30
0,247,113,28
0,131,111,34
0,93,96,34
0,289,107,26
0,290,101,25
0,342,112,24
0,248,107,27
0,265,102,26
0,216,104,28
0,137,103,32
0,46,104,38
0,64,105,37
0,236,114,29
0,28,103,40
0,164,92,30
0,104,93,33
0,174,110,31
0,7,108,43
0,56,97,36
0,173,105,31
0,38,108,39
0,76,101,36
0,134,106,33
0,318,110,25
0,254,95,26
0,33,93,38
0,149,91,30
0,17,110,42
0,71,90,35
0,299,114,26
0,166,108,31
0,216,103,28
0,7,82,39
0,375,103,22
0,277,113,27
0,160,108,32
0,31,91,38
0,30,99,39
0,179,101,30
0,139,87,30
0,331,97,23
0,20,108,41
0,259,121,28
0,195,113,31
0,119,93,32
0,279,127,28
0,213,101,28
0,130,105,33
0,201,113,30
0,74,98,35
0,71,99,36
0,54,95,36
0,83,85,33
0,101,93,33
0,99,93,33
0,38,85,36
0,259,128,29
0,101,105,34
0,23,99,40
0,65,103,37
0,197,110,30
0,59,89,35
0,44,111,39
0,212,97,28
0,137,96,31
0,53,102,37
0,45,100,38
0,2,98,42
0,215,95,28
0,13,87,39
0,11,92,40
0,44,101,38
0,129,111,34
0,170,109,31
0,110,92,32
0,233,115,29
0,239,88,26
0,88,111,36
0,68,93,35
0,183,96,29
0,123,100,33
0,324,126,26
0,82,98,35
0,187,108,30
0,190,112,31
0,102,94,33
0,6,112,43
0,127,91,31
0,360,122,25
0,81,99,35
0,84,95,34
0,144,105,32
0,114,94,32
0,219,103,28
0,189,111,31
0,234,115,29
0,219,103,28
0,72,91,35
0,124,114,34
0,96,113,36
0,202,119,31
0,241,113,28
0,44,101,38
0,96,109,35
0,231,109,28
0,61,102,37
0,91,100,35
0,74,106,36
0,192,115,31
0,144,105,32
0,345,123,25
0,270,112,27
0,153,92,30
0,342,115,24
0,106,99,34
0,70,87,34
0,167,104,31
0,256,110,27
0,274,104,26
0,171,105,31
0,21,91,39
0,45,105,38
0,204,102,29
0,326,122,26
0,252,115,28
0,262,113,27
0,297,112,26
0,54,116,39
0,95,115,36
0,335,121,25
0,148,99,31
0,9,104,42
0,40,101,38
0,320,115,25
0,1,102,43
0,52,97,37
0,295,102,25
0,67,105,37
0,172,121,33
0,191,108,30
0,240,111,28
0,183,95,29
0,106,101,34
0,110,111,35
0,32,111,40
0,85,86,33
0,70,99,36
0,339,104,23
0,30,92,38
0,60,93,36
0,137,104,32
0,229,107,28
0,181,113,31
0,54,93,36
0,103,94,33
0,181,93,29
0,138,83,30
0,126,101,33
0,152,103,31
0,100,111,35
0,165,104,31
0,90,93,34
0,39,98,38
0,12,94,40
0,213,101,28
0,276,98,25
0,127,99,32
0,8,120,44
0,159,89,29
0,3,98,42
0,323,109,25
0,86,111,36
0,78,88,34
0,230,119,30
0,150,114,33
0,205,104,29
0,123,95,32
0,277,127,28
0,138,87,30
0,63,90,35
0,64,113,38
0,17,104,41
0,262,119,28
0,309,118,26
0,245,116,28
0,210,98,28
0,121,115,35
0,309,127,27
0,58,103,37
0,172,111,31
0,42,111,40
0,106,106,34
0,81,111,37
0,146,98,31
0,188,106,30
0,89,108,36
0,275,118,27
0,393,124,23
0,337,122,25
0,203,96,28
0,235,89,26
0,38,120,41
0,210,113,30
0,24,93,39
0,292,94,24
0,172,102,30
0,249,121,29
0,126,105,33
0,101,111,35
0,22,100,40
0,288,106,26
0,68,116,38
0,88,83,33
0,258,111,27
0,56,92,36
0,26,104,40
0,96,101,34
0,167,95,30
0,351,123,25
0,119,98,33
0,63,85,34
0,219,102,28
0,50,102,38
0,85,106,36
0,172,109,31
0,319,110,25
0,21,96,40
0,16,103,41
0,181,132,34
0,43,86,36
0,90,103,35
0,29,99,39
0,234,91,26
0,100,115,36
0,303,106,25
0,172,109,31
0,45,89,36
0,37,102,39
0,126,105,33
0,198,112,30
0,33,104,40
0,34,95,38
0,175,117,32
0,308,98,24
0,223,94,27
0,35,94,38
0,63,85,34
0,160,104,31
0,145,102,32
0,38,99,38
0,2,114,45
0,69,99,36
0,167,92,29
0,48,95,37
0,276,101,26
0,72,96,35
0,230,85,26
1,1357,20,2
1,1437,12,2
1,1522,64,3
1,1442,38,3
1,1510,83,4
1,1335,32,3
1,1439,9,2
1,1405,57,4
1,1484,19,2
1,1445,23,2
1,1402,25,2
1,1346,53,4
1,1413,78,5
1,1506,33,2
1,1535,100,5
1,1501,47,3
1,1462,52,3
1,1399,77,5
1,1431,88,5
1,1387,31,3
1,1516,30,2
1,1471,43,3
1,1442,63,4
1,1387,94,5
1,1504,66,4
1,1536,70,4
1,1524,100,5
1,1375,54,4
1,1516,70,4
1,1350,65,4
1,1440,49,3
1,1416,49,3
1,1498,12,1
1,1442,12,2
1,1483,106,5
1,1533,6,1
1,1514,61,3
1,1502,63,4
1,1533,90,4
1,1451,46,3
1,1493,40,3
1,1495,55,3
1,1456,37,3
1,1375,56,4
1,1420,80,5
1,1476,82,4
1,1475,44,3
1,1528,57,3
1,1390,79,5
1,1388,32,3
1,1469,54,3
1,1390,39,3
1,1480,53,3
1,1423,46,3
1,1392,40,3
1,1377,18,2
1,1476,43,3
1,1479,85,4
1,1407,70,4
1,1381,92,5
1,1444,49,3
1,1395,73,4
1,1446,51,3
1,1510,53,3
1,1516,44,3
1,1524,67,4
1,1491,44,3
1,1394,70,4
1,1345,20,2
1,1452,62,4
1,1456,28,2
1,1530,59,3
1,1462,49,3
1,1521,43,3
1,1490,1,0
1,1475,26,2
1,1374,11,2
1,1362,92,5
1,1421,93,5
1,1508,63,3
1,1368,21,2
1,1371,64,4
1,1502,54,3
1,1522,77,4
1,1491,70,4
1,1490,61,3
1,1471,120,6
1,1473,44,3
1,1482,68,4
1,1455,62,4
1,1455,65,4
1,1459,39,3
1,1507,40,3
1,1359,23,3
1,1527,79,4
1,1411,49,3
1,1389,51,4
1,1545,60,3
1,1508,29,2
1,1312,53,4
1,1376,65,4
1,1432,48,3
1,1376,9,2
1,1371,41,3
1,1433,71,4
1,1537,71,4
1,1534,25,2
1,1464,60,4
1,1402,48,3
1,1467,44,3
1,1398,52,4
1,1478,92,5
1,1339,63,4
1,1442,72,4
1,1441,34,3
1,1507,30,2
1,1407,80,5
1,1517,63,3
1,1473,26,2
1,1423,84,5
1,1529,69,4
1,1538,29,2
1,1383,35,3
1,1484,35,2
1,1514,91,5
1,1431,59,4
1,1537,53,3
1,1472,13,2
1,1536,113,5
1,1491,10,1
1,1490,70,4
1,1415,74,4
1,1439,53,3
1,1372,70,5
1,1456,51,3
1,1416,63,4
1,1546,56,3
1,1499,62,3
1,1474,44,3
1,1543,72,4
1,1469,95,5
1,1445,41,3
1,1479,87,5
1,1500,51,3
1,1431,62,4
1,1438,40,3
1,1471,54,3
1,1520,37,2
1,1488,94,5
1,1414,33,3
1,1448,75,4
1,1449,36,3
1,1470,42,3
1,1486,74,4
1,1499,23,2
1,1450,93,5
1,1409,71,4
1,1487,66,4
1,1453,54,3
1,1471,14,2
1,1413,34,3
1,1480,75,4
1,1421,107,6
1,1423,94,5
1,1437,89,5
1,1442,26,2
1,1523,37,2
1,1474,28,2
1,1506,25,2
1,1443,28,2
1,1521,59,3
1,1432,39,3
1,1444,63,4
1,1465,67,4
1,1509,58,3
1,1432,46,3
1,1417,79,5
1,1427,80,5
1,1496,74,4
1,1513,45,3
1,1472,69,4
1,1478,45,3
1,1472,54,3
1,1479,16,2
1,1544,37,2
1,1508,49,3
1,1345,32,3
1,1432,20,2
1,1494,23,2
1,1445,66,4
1,1403,54,4
1,1449,17,2
1,1511,37,2
1,1467,74,4
1,1525,92,4
1,1485,7,1
1,1457,48,3
1,1407,79,5
1,1377,98,6
1,1495,35,2
1,1409,26,2
1,1513,48,3
1,1367,75,5
1,1503,45,3
1,1373,51,4
1,1485,59,3
1,1460,37,3
1,1539,46,3
1,1426,46,3
1,1512,41,3
1,1531,71,4
1,1461,65,4
1,1474,5,1
1,1363,46,4
1,1507,38,2
1,1382,97,6
1,1432,38,3
1,1336,104,6
1,1468,51,3
1,1438,50,3
1,1487,79,4
1,1532,65,3
1,1436,28,2
1,1548,79,4
1,1404,27,3
1,1436,62,4
1,1475,84,4
1,1515,67,4
1,1509,44,3
1,1415,64,4
1,1492,63,4
1,1359,41,3
1,1420,42,3
1,1439,78,4
1,1349,69,5
1,1512,81,4
1,1481,59,3
1,1450,76,4
1,1422,31,3
1,1459,73,4
1,1526,67,3
1,1492,78,4
1,1428,9,2
1,1476,29,2
1,1540,2,0
1,1383,77,5
1,1360,94,6
1,1346,100,6
1,1426,71,4
1,1425,16,2
1,1458,86,5
1,1382,61,4
1,1484,27,2
1,1385,37,3
1,1388,51,4
1,1316,48,4
1,1396,39,3
1,1531,23,2
1,1463,84,5
1,1430,64,4
1,1461,39,3
1,1482,65,4
1,1481,39,3
1,1432,46,3
1,1542,34,2
1,1434,24,2
1,1527,55,3
1,1427,50,3
1,1429,84,5
1,1353,22,3
1,1393,7,2
1,1487,31,2
1,1309,15,2
1,1529,62,3
1,1452,44,3
1,1501,68,4
1,1431,4,1
1,1474,35,3
1,1370,71,5
1,1325,50,4
1,1479,47,3
1,1364,11,2
1,1542,89,4
1,1408,76,5
1,1482,31,2
1,1491,34,2
1,1430,37,3
1,1478,29,2
1,1505,57,3
1,1397,9,2
1,1518,24,2
1,1492,52,3
1,1493,28,2
1,1526,49,3
1,1387,49,4
1,1485,19,2
1,1417,59,4
1,1498,130,6
1,1401,48,3
1,1435,52,3
1,1418,18,2
1,1455,92,5
1,1440,29,2
1,1512,77,4
1,1470,21,2
1,1530,81,4
1,1531,71,4
1,1441,42,3
1,1362,77,5
1,1428,41,3
1,1410,27,2
1,1533,76,4
1,1385,19,2
1,1489,72,4
1,1419,29,3
1,1448,25,2
1,1480,43,3
1,1445,3,1
1,1359,51,4
1,1498,58,3
1,1531,46,3
1,1446,38,3
1,1491,77,4
1,1541,8,1
1,1417,69,4
1,1489,67,4
1,1409,53,4
1,1427,24,2
1,1472,55,3
1,1320,90,6
1,1325,42,4
1,1445,22,2
1,1434,60,4
1,1483,64,4
1,1496,69,4
1,1415,24,2
1,1405,69,4
1,1443,74,4
1,1417,43,3
1,1453,62,4
1,1459,65,4
1,1410,63,4
1,1464,44,3
1,1435,60,4
1,1335,100,6
1,1427,24,2
1,1478,11,1
1,1522,81,4
1,1452,15,2
1,1339,29,3
1,1497,66,4
1,1412,37,3
1,1510,0,0
1,1391,19,2
1,1481,35,2
1,1547,59,3
1,1470,28,2
1,1514,40,2
1,1519,12,1
1,1351,50,4
1,1420,91,5
1,1358,77,5
1,1386,83,5
1,1400,49,3
1,1500,25,2
1,1382,48,3
1,1402,59,4
1,1470,65,4
1,1466,52,3
1,1484,42,3
1,1410,47,3
1,1468,65,4
1,1431,71,4
1,1446,25,2
1,1400,22,2
1,1411,20,2
1,1495,44,3
1,1378,38,3
1,1474,82,4
1,1471,65,4
1,1441,34,3
1,1452,75,4
1,1473,11,2
1,1512,51,3
1,1388,92,5
1,1365,36,3
1,1497,38,3
1,1456,87,5
1,1463,65,4
1,1428,59,4
1,1393,23,2
1,1517,54,3
1,1489,37,3
1,1471,40,3
1,1424,82,5
1,1447,11,2
1,1330,11,2
1,1396,39,3
1,1473,106,5
1,1379,43,3
1,1502,58,3
1,1425,24,2
1,1448,75,4
1,1403,94,5
1,1510,58,3
1,1448,50,3
1,1356,27,3
1,1477,36,3
1,1499,22,2
1,1466,74,4
1,1532,82,4
1,1487,132,6
1,1523,16,1
1,1399,17,2
1,1487,51,3
2,1135,95,8
2,877,100,11
2,842,85,10
2,926,95,10
2,1227,107,7
2,1064,103,9
2,902,94,10
2,989,101,10
2,1132,98,8
2,1106,93,8
2,958,97,10
2,1240,111,7
2,863,100,11
2,1174,109,8
2,900,92,10
2,949,94,10
2,928,95,10
2,1216,109,8
2,1030,103,9
2,909,95,10
2,947,91,9
2,1006,95,9
2,975,99,10
2,832,84,10
2,1003,92,9
2,1144,102,8
2,1164,107,8
2,851,92,11
2,1003,95,9
2,1129,100,8
2,1067,97,9
2,1136,109,9
2,958,97,10
2,1119,104,8
2,937,87,9
2,889,98,10
2,784,89,12
2,890,95,10
2,985,109,10
2,1050,106,9
2,877,93,10
2,1217,108,8
2,999,91,9
2,833,89,11
2,1094,99,9
2,905,89,10
2,885,95,10
2,1190,107,8
2,1153,106,8
2,958,93,10
2,1112,96,8
2,1226,120,8
2,878,90,10
2,1144,112,9
2,1055,92,9
2,969,87,9
2,956,97,10
2,969,97,10
2,974,98,10
2,1165,113,8
2,803,91,11
2,1068,93,8
2,1126,92,8
2,922,93,10
2,818,95,11
2,1016,91,9
2,1098,109,9
2,912,95,10
2,938,98,10
2,1083,95,8
2,940,103,10
2,1024,96,9
2,1050,95,9
2,1097,96,8
2,1056,103,9
2,910,96,10
2,953,102,10
2,857,97,11
2,850,91,11
2,1078,109,9
2,1148,99,8
2,1065,109,9
2,1014,97,9
2,1015,88,9
2,1006,107,10
2,1120,113,9
2,978,100,10
2,947,97,10
2,891,94,10
2,973,93,9
2,955,99,10
2,1019,95,9
2,898,84,10
2,1193,100,7
2,969,104,10
2,1085,99,9
2,1039,100,9
2,1188,101,8
2,817,94,11
2,964,91,9
2,892,90,10
2,951,94,10
2,1085,101,9
2,799,94,11
2,992,102,10
2,856,88,10
2,936,79,9
2,948,99,10
2,1023,90,9
2,988,93,9
2,1054,97,9
2,860,98,11
2,828,83,10
2,932,95,10
2,1214,108,8
2,987,88,9
2,1058,107,9
2,1206,101,7
2,1076,103,9
2,973,101,10
2,1147,106,8
2,1001,96,9
2,1140,101,8
2,914,99,10
2,940,95,10
2,842,83,10
2,810,86,11
2,941,98,10
2,1038,98,9
2,1048,105,9
2,1017,97,9
2,1135,101,8
2,1051,91,9
2,1222,111,8
2,968,106,10
2,1021,107,10
2,980,92,9
2,855,83,10
2,803,85,11
2,975,93,9
2,1148,93,8
2,896,85,10
2,1061,104,9
2,1018,83,8
2,1078,107,9
2,808,94,11
2,1097,97,8
2,1091,100,9
2,895,88,10
2,1011,99,9
2,943,96,10
2,1108,94,8
2,1088,103,9
2,1074,91,8
2,1110,108,9
2,1022,92,9
2,892,94,10
2,893,88,10
2,970,89,9
2,1064,109,9
2,838,92,11
2,1066,103,9
2,970,97,10
2,932,96,10
2,893,98,10
2,1157,118,9
2,919,93,10
2,852,94,11
2,961,88,9
2,1150,113,9
2,858,89,10
2,955,97,10
2,1156,102,8
2,910,95,10
2,943,93,10
2,1009,105,10
2,881,93,10
2,1120,100,8
2,1214,93,7
2,1060,96,9
2,885,89,10
2,880,103,11
2,1087,95,8
2,967,92,9
2,1199,110,8
2,1020,100,9
2,1046,108,9
2,1152,102,8
2,983,95,9
2,1093,96,8
2,995,93,9
2,963,95,10
2,938,94,10
2,1173,96,8
2,1053,97,9
2,1105,101,8
2,921,89,10
2,845,87,10
2,1025,98,9
2,796,90,11
2,923,95,10
2,1201,117,8
2,973,92,9
2,816,94,11
2,870,98,11
2,1109,98,8
2,962,103,10
2,1052,97,9
2,1191,96,7
2,1169,112,8
2,916,95,10
2,1019,104,10
2,958,98,10
2,860,85,10
2,819,86,11
2,941,102,10
2,946,92,10
2,1139,102,8
2,941,88,9
2,1260,112,7
2,857,84,10
2,1016,101,9
2,855,91,11
2,982,94,9
2,827,88,11
2,947,91,10
2,1136,98,8
2,1133,98,8
2,872,94,10
2,1157,91,7
2,1010,100,9
2,825,94,11
2,1132,89,8
2,1184,98,8
2,1052,110,10
2,898,97,10
2,985,101,10
2,1036,92,9
2,912,95,10
2,1097,103,9
2,1127,96,8
2,1027,103,9
2,835,91,11
2,845,95,11
2,951,98,10
2,950,95,10
2,1190,114,8
2,1170,98,8
2,1160,108,8
2,1047,108,9
2,1146,101,8
2,1094,108,9
2,964,100,10
2,951,97,10
2,902,91,10
2,1072,104,9
2,1058,96,9
2,889,91,10
2,861,98,11
2,830,88,11
2,932,97,10
2,1080,97,9
2,1131,95,8
2,926,80,9
2,887,96,10
2,835,95,11
2,928,93,10
2,931,93,10
2,999,93,9
2,979,99,10
2,828,85,10
2,1048,100,9
2,992,95,9
2,851,87,10
2,1250,104,7
2,1003,96,9
2,934,86,9
2,1164,90,7
2,1041,97,9
2,1145,106,8
2,976,101,10
2,942,95,10
2,834,81,10
2,1103,109,9
2,893,87,10
2,1098,100,9
2,886,93,10
2,1084,97,9
2,1123,108,9
2,962,93,9
2,922,90,10
2,1162,107,8
2,978,92,9
2,1081,93,8
2,1095,103,9
2,886,97,10
2,1058,98,9
2,960,91,9
2,917,93,10
2,1045,98,9
2,993,97,9
2,1145,99,8
2,1103,99,8
2,868,88,10
2,904,90,10
2,923,104,10
2,969,93,9
2,1074,96,9
2,1034,93,9
2,1076,98,9
2,1219,93,7
2,1006,97,9
2,813,90,11
2,1065,85,8
2,972,96,10
2,1136,98,8
2,993,95,9
2,1087,103,9
2,1138,110,9
2,1058,99,9
2,870,100,11
2,919,94,10
2,975,84,9
2,1142,106,8
2,1200,112,8
2,985,98,10
2,911,103,11
2,1058,97,9
2,881,92,10
2,1127,102,8
2,902,92,10
2,899,98,10
2,901,92,10
2,772,84,12
2,960,100,10
2,914,81,9
2,1141,94,8
2,960,99,10
2,1118,103,8
2,910,97,10
2,1117,100,8
2,1133,100,8
2,831,96,11
2,1187,106,8
2,946,96,10
2,925,86,9
2,1011,105,10
2,961,98,10
2,1018,98,9
2,909,93,10
2,1016,101,9
2,804,94,11
2,1134,108,9
2,1063,99,9
2,1044,99,9
2,1035,89,9
2,1056,108,9
2,825,89,11
2,1165,102,8
2,1163,103,8
2,950,96,10
2,1126,103,8
2,938,93,10
2,1190,105,8
2,938,91,10
2,951,94,10
2,1004,96,9
2,1016,97,9
2,977,93,9
2,836,86,10
2,999,90,9
2,995,93,9
2,960,104,10
2,963,95,10
2,829,98,11
2,860,89,10
2,838,86,10
2,1160,102,8
2,972,89,9
2,867,106,11
2,1096,96,8
2,827,90,11
2,1064,89,8
2,800,87,11
2,1124,93,8
2,991,93,9
2,952,84,9
2,1125,102,8
2,967,102,10
2,972,100,10
2,924,98,10
2,905,91,10
2,1203,112,8
2,1123,106,9
2,1039,94,9
2,1075,99,9
2,894,87,10
2,991,95,9
2,886,101,11
2,885,88,10
2,867,91,10
2,869,93,10
2,981,99,10
2,1196,113,8
2,969,89,9
2,841,90,11
2,946,96,10
2,1081,94,8
2,928,101,10
2,1075,94,8
2,1113,98,8
2,996,93,9
2,908,96,10
2,996,96,9
2,822,88,11
2,878,86,10
2,931,86,9
2,1110,98,8
2,1086,101,9
2,820,93,11
2,1096,101,9
2,1140,115,9
2,882,94,10
2,1062,94,9
2,1058,99,9
2,1157,114,9
2,977,90,9
2,971,90,9
2,1169,105,8
2,858,90,10
2,1099,99,8
2,868,98,11
2,1075,101,9
2,1037,109,10
2,908,91,10
2,872,91,10
2,1011,92,9
2,919,94,10
2,967,85,9
2,1153,105,8
2,857,84,10
2,868,97,11
2,1005,97,9
2,1089,101,9
2,1075,95,9
2,950,101,10
2,1062,94,9
2,984,97,9
2,1100,108,9
2,999,101,10
2,1245,99,7
2,1022,91,9
2,965,99,10
2,862,89,10
2,926,89,10
2,980,99,10
2,945,84,9
2,1102,118,9
2,1201,104,8
2,1217,96,7
2,958,94,10
2,1153,103,8
2,815,98,11
2,962,90,9
2,1205,108,8
2,1128,101,8
2,893,91,10
2,1221,97,7
3,1323,155,9
3,1261,165,10
3,1237,167,10
3,1071,143,11
3,1126,168,12
3,1352,159,9
3,1115,146,11
3,1238,164,10
3,1251,151,9
3,1239,159,10
3,1206,178,11
3,1321,156,9
3,1308,155,9
3,1252,161,10
3,1285,152,9
3,1310,168,10
3,1241,178,11
3,1322,134,8
3,1236,148,10
3,1344,154,9
3,1375,155,8
3,1169,162,11
3,1217,149,10
3,1310,153,9
3,1309,191,11
3,1207,143,10
3,1080,164,12
3,1155,134,10
3,1074,148,12
3,1360,162,9
3,1394,176,9
3,1159,149,11
3,1256,156,10
3,1216,166,11
3,1195,160,11
3,1016,168,13
3,1336,154,9
3,1361,163,9
3,1134,152,11
3,1368,154,8
3,1154,147,10
3,1161,167,11
3,1184,140,10
3,1202,140,10
3,1094,139,11
3,1413,195,10
3,1278,148,9
3,1425,146,8
3,1360,181,10
3,1225,150,10
3,1156,140,10
3,1186,144,10
3,1262,161,10
3,1141,148,11
3,1337,136,8
3,1245,146,9
3,1255,159,10
3,1346,176,9
3,1189,152,10
3,1384,146,8
3,1337,173,9
3,1202,156,10
3,1273,180,10
3,1388,182,9
3,1198,155,10
3,1232,148,10
3,1440,174,9
3,1180,131,9
3,1280,157,9
3,1272,161,10
3,1274,139,9
3,1357,139,8
3,1183,149,10
3,1329,160,9
3,1181,177,12
3,1309,173,10
3,1101,159,12
3,1192,151,10
3,1148,151,11
3,1081,158,12
3,1370,142,8
3,1254,155,10
3,1299,169,10
3,1378,173,9
3,1197,160,11
3,1329,138,8
3,1306,155,9
3,1344,151,8
3,1318,181,10
3,1329,156,9
3,1147,135,10
3,1309,127,8
3,1354,161,9
3,1311,163,9
3,1310,166,9
3,1264,158,10
3,1104,161,12
3,1351,146,8
3,1129,153,11
3,1304,165,9
3,1284,158,9
3,1016,128,11
3,1150,157,11
3,1165,164,11
3,1124,157,11
3,1117,153,11
3,1115,133,10
3,1303,168,10
3,1228,129,9
3,1270,148,9
3,1172,163,11
3,1088,132,10
3,1319,148,9
3,1269,152,9
3,1149,153,11
3,1293,174,10
3,1275,162,10
3,1427,147,8
3,1197,157,10
3,1134,144,11
3,1378,154,8
3,1219,160,10
3,1170,151,10
3,1142,156,11
3,1246,154,10
3,1307,158,9
3,1288,159,9
3,1380,146,8
3,1258,151,9
3,1243,139,9
3,1324,164,9
3,1316,156,9
3,1318,137,8
3,1263,156,9
3,1381,160,8
3,1100,158,12
3,1355,179,10
3,1329,168,9
3,1232,173,11
3,1300,161,9
3,1297,152,9
3,1340,164,9
3,1369,159,9
3,1262,163,10
3,1412,154,8
3,1274,165,10
3,1291,147,9
3,1261,155,9
3,1105,164,12
3,1293,146,9
3,1163,161,11
3,1184,147,10
3,1206,160,10
3,1286,141,9
3,1208,159,10
3,1044,158,12
3,1300,165,10
3,1378,150,8
3,1338,166,9
3,1116,141,11
3,1150,158,11
3,1327,164,9
3,1295,168,10
3,1332,175,10
3,1307,150,9
3,1224,150,10
3,1102,145,11
3,1180,162,11
3,1340,158,9
3,1403,161,8
3,1162,146,10
3,1231,153,10
3,1220,148,10
3,1213,136,9
3,1369,168,9
3,1276,165,10
3,1125,150,11
3,1377,162,9
3,1096,156,12
3,1296,142,9
3,1189,174,11
3,1235,149,10
3,1180,137,10
3,1166,150,10
3,1210,182,11
3,1150,139,10
3,1247,179,11
3,1342,146,8
3,1331,161,9
3,1341,159,9
3,1247,150,9
3,1225,147,10
3,1151,147,11
3,1279,146,9
3,1137,164,12
3,1271,157,9
3,1385,135,7
3,1319,168,9
3,1018,149,12
3,1245,169,10
3,1353,143,8
3,1176,148,10
3,1319,174,10
3,1297,160,9
3,1323,165,9
3,1301,147,9
3,1113,134,10
3,1289,159,9
3,1213,128,9
3,1168,154,11
3,1143,169,12
3,1149,146,11
3,1248,148,9
3,1153,135,10
3,1398,160,8
3,1081,159,12
3,1191,169,11
3,1102,154,12
3,1373,141,8
3,1289,157,9
3,1404,145,8
3,1343,166,9
3,1057,149,12
3,1127,151,11
3,1209,175,11
3,1169,158,11
3,1304,175,10
3,1114,154,11
3,1402,170,9
3,1208,148,10
3,1321,156,9
3,1333,148,8
3,1375,158,8
3,1342,163,9
3,1175,176,12
3,1322,171,10
3,1261,162,10
3,1150,153,11
3,1132,153,11
3,1283,158,9
3,1307,150,9
3,1344,158,9
3,1362,152,8
3,1232,167,10
3,1361,124,7
3,1294,165,10
3,1191,179,12
3,1247,164,10
3,1267,143,9
3,1420,164,8
3,1028,138,12
3,1177,160,11
3,1160,146,10
3,1276,178,10
3,1283,162,10
3,1358,163,9
3,1226,156,10
3,1334,172,9
3,1229,151,10
3,1367,157,8
3,1136,168,12
3,1047,153,12
3,1313,138,8
3,1245,159,10
3,1371,168,9
3,1383,158,8
3,1343,162,9
3,1188,147,10
3,1299,157,9
3,1081,148,12
3,1283,176,10
3,1124,158,11
3,1298,163,9
3,1185,143,10
3,1155,185,12
3,1406,151,8
3,1276,159,9
3,1242,163,10
3,1111,134,10
3,1454,185,9
3,1431,137,7
3,1223,137,9
3,1182,154,11
3,1309,150,9
3,1316,154,9
3,1105,154,11
3,1330,183,10
3,1347,141,8
3,1284,149,9
3,1302,149,9
3,1215,167,11
3,1141,130,10
3,1303,175,10
3,1319,176,10
3,1315,139,8
3,1292,161,9
3,1286,155,9
3,1417,155,8
3,1070,136,11
3,1291,160,9
3,1387,165,9
3,1312,168,9
3,1450,170,8
3,1141,161,11
3,1268,156,9
3,1275,155,9
3,1317,147,9
3,1416,139,7
3,1299,164,9
3,1305,140,8
3,1280,155,9
3,1263,156,9
3,1406,174,9
3,1308,163,9
3,1318,157,9
3,1183,145,10
3,1188,158,11
3,1351,156,9
3,1271,154,9
3,1274,165,10
3,1274,150,9
3,1235,143,9
3,1333,157,9
3,1107,163,12
3,1233,161,10
3,1331,158,9
3,1141,143,10
3,1348,163,9
3,1122,146,11
3,1130,162,12
3,1267,131,8
3,1310,166,9
3,1354,177,9
3,1160,157,11
3,1218,137,9
3,1357,149,8
3,1234,154,10
3,1201,160,11
3,1282,147,9
3,1238,152,10
3,1336,137,8
3,1279,169,10
3,1229,160,10
3,1171,146,10
3,1362,139,8
3,1267,141,9
3,1069,147,12
3,1251,164,10
3,1378,134,7
3,1307,154,9
3,1362,157,9
3,1185,155,11
3,1212,163,10
3,1328,159,9
3,1259,165,10
3,1327,181,10
3,1265,166,10
3,1257,140,9
3,1182,158,11
3,1263,149,9
3,1383,138,8
3,1083,154,12
3,1194,149,10
3,1451,136,7
3,1324,177,10
3,1277,150,9
3,1204,172,11
3,1136,155,11
3,1088,156,12
3,1084,158,12
3,1158,162,11
3,1297,156,9
3,1345,167,9
3,1322,158,9
3,1228,167,10
3,1178,156,11
3,1129,150,11
3,1174,136,10
3,1359,160,9
3,1249,149,9
3,1077,147,11
3,1090,163,12
3,1076,143,11
3,1266,151,9
3,1306,159,9
3,1392,173,9
3,1391,158,8
3,1228,145,9
3,1068,148,12
3,1263,158,10
3,1290,172,10
3,1350,155,9
3,1322,138,8
3,1179,162,11
3,1313,164,9
3,1330,145,8
3,1250,171,10
3,1156,162,11
3,1235,161,10
3,1062,142,11
3,1159,162,11
3,1361,162,9
3,1079,146,11
3,1240,153,10
3,1377,149,8
3,1314,156,9
3,1326,166,9
3,1338,158,9
3,1167,159,11
3,1355,168,9
3,1352,192,10
3,1327,161,9
3,1169,153,11
3,1177,160,11
3,1296,141,8
3,1277,154,9
3,1230,146,9
3,1281,147,9
3,1335,141,8
3,1287,165,10
3,1386,156,8
3,1215,179,11
3,1344,165,9
3,1237,154,10
3,1244,173,11
3,1211,158,10
3,1366,174,9
3,1082,149,12
3,1274,166,10
3,1160,146,10
3,1253,166,10
3,1121,148,11
3,1434,127,7
3,1422,180,9
3,1319,169,9
4,272,207,39
4,232,213,42
4,136,208,48
4,298,213,39
4,331,209,36
4,395,213,34
4,227,214,43
4,250,211,41
4,368,208,35
4,356,217,36
4,441,216,32
4,470,216,31
4,286,208,39
4,153,205,47
4,292,212,39
4,266,211,40
4,158,210,47
4,292,213,39
4,259,214,41
4,224,210,43
4,121,206,49
4,333,211,36
4,269,212,40
4,449,213,32
4,270,212,40
4,422,210,32
4,486,215,31
4,161,205,46
4,273,212,40
4,249,211,41
4,459,212,31
4,372,212,35
4,312,212,38
4,243,212,42
4,422,215,33
4,197,208,44
4,132,209,49
4,484,218,31
4,200,209,44
4,330,215,37
4,267,212,40
4,385,211,34
4,71,209,54
4,164,208,46
4,334,208,36
4,404,211,33
4,82,206,53
4,338,204,36
4,86,208,53
4,221,212,43
4,207,204,43
4,486,213,30
4,376,209,34
4,128,209,49
4,362,214,35
4,329,209,36
4,352,212,36
4,161,207,46
4,92,210,52
4,291,207,38
4,295,211,39
4,113,209,50
4,113,207,50
4,316,208,37
4,219,202,42
4,266,211,40
4,375,213,35
4,204,209,44
4,163,206,46
4,214,205,43
4,230,209,42
4,315,216,38
4,176,212,46
4,205,208,44
4,83,206,53
4,505,216,30
4,204,211,44
4,132,206,49
4,366,218,36
4,245,208,41
4,130,206,49
4,90,203,52
4,149,210,48
4,297,213,39
4,231,208,42
4,248,213,41
4,533,214,29
4,354,215,36
4,153,206,47
4,220,211,43
4,212,214,44
4,288,213,39
4,364,214,35
4,333,213,37
4,481,215,31
4,361,211,35
4,238,207,41
4,372,214,35
4,258,212,41
4,387,210,34
4,339,214,37
4,261,212,40
4,130,208,49
4,251,211,41
4,177,211,46
4,332,215,37
4,62,206,55
4,306,210,38
4,149,209,48
4,180,209,45
4,58,206,55
4,178,212,46
4,201,212,44
4,149,213,48
4,328,215,37
4,227,210,42
4,269,208,40
4,358,217,36
4,73,207,54
4,389,214,34
4,178,210,46
4,296,211,39
4,356,214,36
4,215,210,43
4,437,216,32
4,125,210,50
4,210,208,43
4,144,212,48
4,471,214,31
4,203,212,44
4,317,209,37
4,184,208,45
4,398,213,34
4,270,211,40
4,294,211,39
4,218,210,43
4,119,208,50
4,231,210,42
4,240,215,42
4,292,209,39
4,240,212,42
4,176,209,46
4,150,211,48
4,233,207,42
4,362,213,35
4,112,208,50
4,195,207,44
4,298,212,39
4,472,214,31
4,155,206,47
4,224,210,43
4,285,211,39
4,282,208,39
4,347,213,36
4,113,204,50
4,132,207,49
4,299,210,38
4,236,212,42
4,286,215,39
4,425,212,33
4,141,207,48
4,305,207,38
4,327,209,37
4,520,211,29
4,131,207,49
4,471,214,31
4,382,215,35
4,109,206,50
4,94,209,52
4,112,211,51
4,259,210,40
4,258,211,41
4,341,209,36
4,338,214,36
4,414,216,33
4,280,212,40
4,169,210,46
4,141,208,48
4,451,216,32
4,140,209,48
4,194,211,45
4,154,207,47
4,162,210,47
4,271,207,39
4,197,211,45
4,284,214,39
4,447,209,31
4,451,212,32
4,236,213,42
4,128,203,48
4,267,208,40
4,49,204,56
4,116,204,49
4,275,212,40
4,362,213,35
4,87,208,52
4,108,210,51
4,304,208,38
4,154,210,47
4,501,209,30
4,235,209,42
4,237,208,41
4,438,216,32
4,235,211,42
4,383,213,34
4,250,208,41
4,461,220,32
4,323,212,37
4,260,210,40
4,254,208,40
4,75,205,53
4,348,212,36
4,246,203,40
4,201,209,44
4,168,212,47
4,262,215,41
4,336,212,36
4,278,210,39
4,362,214,35
4,162,205,46
4,497,215,30
4,299,214,39
4,327,208,36
4,277,213,40
4,369,211,35
4,188,211,45
4,277,209,39
4,330,213,37
4,315,214,38
4,210,207,43
4,219,208,43
4,181,206,45
4,145,206,48
4,198,205,44
4,278,211,39
4,331,206,36
4,336,211,36
4,439,208,32
4,254,214,41
4,352,214,36
4,408,214,33
4,510,219,30
4,458,213,31
4,131,208,49
4,196,214,45
4,437,215,32
4,372,213,35
4,163,206,46
4,290,210,39
4,205,207,44
4,307,213,38
4,185,205,45
4,401,211,33
4,77,207,53
4,475,215,31
4,208,210,44
4,432,215,32
4,341,212,36
4,234,213,42
4,305,212,38
4,420,211,33
4,281,212,39
4,257,213,41
4,373,211,35
4,406,213,33
4,507,218,30
4,125,210,50
4,508,214,30
4,139,209,48
4,381,216,35
4,331,211,37
4,255,211,41
4,187,212,45
4,157,207,47
4,377,212,35
4,264,213,40
4,88,207,52
4,513,216,30
4,176,209,46
4,224,207,42
4,186,215,46
4,555,218,28
4,237,206,41
4,129,208,49
4,225,207,42
4,215,213,44
4,248,207,41
4,217,212,43
4,141,210,48
4,237,214,42
4,367,214,35
4,478,214,31
4,218,206,43
4,156,211,47
4,379,213,35
4,263,214,41
4,345,212,36
4,299,209,38
4,517,210,29
4,230,209,42
4,121,208,50
4,310,210,38
4,478,213,31
4,358,216,36
4,233,209,42
4,353,215,36
4,115,208,50
4,350,210,36
4,248,211,41
4,495,213,30
4,387,211,34
4,168,208,46
4,313,215,38
4,429,213,32
4,248,208,41
4,250,215,41
4,276,211,40
4,139,209,48
4,302,212,38
4,405,213,33
4,443,213,32
4,164,209,46
4,486,212,30
4,258,214,41
4,352,213,36
4,223,209,43
4,102,206,51
4,327,211,37
4,223,208,43
4,235,213,42
4,221,208,43
4,305,212,38
4,502,216,30
4,252,211,41
4,120,203,49
4,503,210,30
4,344,213,36
4,196,207,44
4,318,215,38
4,202,209,44
4,376,207,34
4,468,214,31
4,340,210,36
4,187,209,45
4,381,211,34
4,285,210,39
4,173,208,46
4,388,217,35
4,308,210,38
4,194,208,44
4,380,214,35
4,252,207,40
4,305,212,38
4,216,212,43
4,479,216,31
4,236,207,41
4,374,211,35
4,299,210,38
4,350,215,36
4,107,206,50
4,174,208,46
4,169,208,46
4,215,206,43
4,174,210,46
4,212,208,43
4,178,209,46
4,274,213,40
4,193,210,45
4,100,201,50
4,186,212,45
4,300,212,38
4,397,210,33
4,136,203,48
4,210,207,43
4,228,211,42
4,217,210,43
4,163,207,46
4,279,210,39
4,298,208,38
4,333,217,37
4,100,208,51
4,362,208,35
4,275,209,39
4,203,208,44
4,518,215,29
4,509,211,29
4,504,213,30
4,189,207,45
4,115,207,50
4,245,207,41
4,280,210,39
4,228,213,43
4,131,204,48
4,450,211,31
4,442,217,32
4,116,205,50
4,322,211,37
4,180,210,45
4,255,213,41
4,178,212,46
4,196,208,44
4,179,212,46
4,372,215,35
4,222,209,43
4,363,211,35
4,469,216,31
4,286,209,39
4,202,209,44
4,141,204,48
4,202,210,44
4,428,214,33
4,96,208,52
4,321,212,37
4,197,208,44
4,182,210,45
4,237,212,42
4,269,210,40
4,359,211,35
4,120,208,50
4,279,209,39
4,109,210,51
4,266,207,40
4,154,208,47
4,119,208,50
4,290,214,39
4,365,211,35
4,160,212,47
4,395,215,34
4,220,210,43
4,133,204,48
4,339,210,36
4,290,210,39
4,534,212,28
4,212,211,44
4,178,209,46
4,251,210,41
4,118,210,50
4,261,210,40
4,110,205,50
4,289,218,40
4,249,208,41
4,351,213,36
4,165,210,47
4,437,210,32
4,335,211,36
4,226,210,43
4,234,207,42
4,179,210,46
4,273,207,39
4,287,209,39
4,439,212,32
4,368,212,35
4,447,214,32
4,409,214,33
4,315,209,37
4,107,207,51
4,283,213,39
4,211,210,43
4,209,211,44
4,550,212,28
4,424,220,33
4,96,208,51
4,454,216,32
4,242,209,41
4,136,210,49
4,449,213,32
4,170,212,46
4,122,208,50
4,263,209,40
4,143,208,48
4,351,214,36
4,64,213,55
4,338,212,36
4,104,205,50
4,327,212,37
5,338,171,31
5,616,181,22
5,696,186,21
5,608,180,22
5,703,172,20
5,644,166,20
5,465,171,26
5,410,170,28
5,776,177,18
5,535,180,24
5,438,157,26
5,774,170,17
5,530,169,24
5,316,164,31
5,576,177,23
5,536,157,23
5,504,171,25
5,381,168,29
5,365,154,28
5,429,173,27
5,310,159,31
5,378,199,32
5,767,173,18
5,640,187,22
5,752,180,19
5,768,182,18
5,394,156,27
5,672,155,19
5,782,142,15
5,570,183,24
5,665,171,20
5,593,180,23
5,622,175,22
5,625,177,22
5,763,165,17
5,360,180,31
5,439,187,28
5,425,171,27
5,406,166,27
5,528,149,22
5,514,166,24
5,805,171,17
5,523,167,24
5,548,185,24
5,447,152,25
5,624,185,22
5,714,163,19
5,533,155,22
5,682,166,20
5,553,184,24
5,755,165,18
5,618,151,20
5,484,149,24
5,581,157,21
5,714,188,20
5,456,181,27
5,632,169,21
5,685,175,20
5,501,173,25
5,366,165,29
5,387,146,26
5,786,183,18
5,694,176,20
5,506,152,23
5,713,178,20
5,588,176,23
5,603,168,22
5,385,167,28
5,617,158,21
5,535,161,23
5,662,163,20
5,632,168,21
5,483,164,25
5,572,165,22
5,667,185,21
5,430,170,27
5,779,160,17
5,475,157,24
5,767,151,16
5,802,180,17
5,767,160,17
5,535,184,25
5,613,172,22
5,337,171,31
5,582,173,23
5,546,159,22
5,546,181,24
5,780,158,16
5,625,167,21
5,431,173,27
5,718,163,19
5,724,189,20
5,288,164,32
5,576,160,22
5,777,197,19
5,433,195,29
5,259,173,34
5,576,173,23
5,513,165,24
5,618,157,21
5,730,185,20
5,490,164,25
5,719,171,19
5,531,178,24
5,416,157,26
5,733,161,18
5,732,173,19
5,505,158,24
5,518,186,25
5,511,169,24
5,314,187,33
5,431,144,25
5,590,172,22
5,743,188,20
5,609,152,20
5,834,171,16
5,622,167,21
5,646,168,21
5,485,170,25
5,339,175,31
5,329,167,31
5,518,164,24
5,441,183,28
5,415,147,25
5,565,159,22
5,477,179,26
5,678,158,19
5,624,174,22
5,491,155,24
5,492,167,25
5,797,168,16
5,385,191,31
5,773,184,18
5,771,144,16
5,550,146,21
5,393,177,29
5,453,150,25
5,342,166,30
5,489,177,26
5,746,157,17
5,512,154,23
5,528,170,24
5,610,157,21
5,354,161,29
5,432,173,27
5,637,159,20
5,254,152,32
5,689,181,21
5,674,157,19
5,568,188,24
5,577,161,22
5,638,149,19
5,464,167,26
5,815,186,17
5,722,157,18
5,537,183,25
5,759,170,18
5,608,175,22
5,696,173,20
5,584,176,23
5,447,160,25
5,746,180,19
5,475,148,24
5,743,196,20
5,323,162,30
5,320,191,33
5,494,145,23
5,411,158,26
5,718,156,18
5,794,168,17
5,733,162,18
5,370,185,31
5,572,169,23
5,384,152,27
5,496,148,23
5,591,175,22
5,621,193,23
5,570,169,23
5,497,163,24
5,526,162,23
5,497,174,25
5,429,165,27
5,666,182,21
5,487,175,26
5,512,155,23
5,457,150,24
5,414,194,30
5,384,181,30
5,466,161,25
5,452,190,28
5,538,168,23
5,658,166,20
5,719,193,21
5,646,183,22
5,745,170,18
5,519,161,23
5,498,170,25
5,589,186,23
5,695,170,20
5,472,184,27
5,627,161,21
5,457,190,28
5,332,167,30
5,439,184,28
5,571,181,23
5,349,156,29
5,612,191,23
5,742,169,18
5,335,189,32
5,620,191,23
5,579,159,21
5,745,178,19
5,521,161,23
5,535,181,24
5,712,171,19
5,722,171,19
5,423,176,28
5,609,168,22
5,462,146,24
5,486,169,25
5,343,173,31
5,764,155,17
5,719,161,18
5,612,160,21
5,318,173,32
5,518,187,25
5,410,196,30
5,588,177,23
5,695,174,20
5,689,173,20
5,402,185,29
5,518,165,24
5,659,176,21
5,524,175,24
5,409,196,30
5,721,190,20
5,719,198,21
5,421,152,26
5,399,192,30
5,483,158,24
5,733,163,18
5,491,177,26
5,661,159,20
5,447,191,28
5,686,175,20
5,327,188,33
5,653,160,20
5,261,174,34
5,362,179,30
5,584,159,21
5,366,169,29
5,349,166,30
5,621,173,22
5,495,177,26
5,522,158,23
5,532,162,23
5,631,174,21
5,825,171,16
5,415,152,26
5,556,171,23
5,653,165,20
5,738,169,19
5,270,190,36
5,532,178,24
5,465,168,26
5,592,140,20
5,584,165,22
5,680,182,21
5,787,180,18
5,477,200,28
5,797,177,17
5,570,186,24
5,761,183,19
5,706,169,19
5,527,161,23
5,395,163,28
5,734,155,18
5,270,185,35
5,698,168,19
5,419,166,27
5,766,174,18
5,672,152,19
5,455,178,27
5,446,160,26
5,607,179,22
5,736,174,19
5,741,163,18
5,656,183,21
5,512,159,23
5,454,158,25
5,591,178,23
5,593,171,22
5,554,190,25
5,495,171,25
5,617,155,20
5,715,171,19
5,669,175,21
5,324,146,29
5,770,169,17
5,399,164,28
5,579,193,24
5,550,171,23
5,426,178,28
5,325,171,31
5,765,179,18
5,675,153,19
5,471,165,25
5,739,183,19
5,772,165,17
5,778,163,17
5,459,168,26
5,762,166,17
5,455,167,26
5,567,174,23
5,681,174,20
5,560,161,22
5,561,182,24
5,513,155,23
5,520,162,23
5,753,174,18
5,651,175,21
5,586,168,22
5,604,182,23
5,482,179,26
5,705,167,19
5,602,175,22
5,737,180,19
5,566,175,23
5,561,165,23
5,714,171,19
5,584,165,22
5,664,155,19
5,596,159,21
5,634,157,20
5,781,184,18
5,273,155,32
5,549,192,25
5,638,179,22
5,699,154,18
5,251,176,35
5,773,152,16
5,479,158,24
5,516,180,25
5,601,147,20
5,365,173,30
5,416,170,27
5,451,172,26
5,532,159,23
5,626,158,20
5,758,166,18
5,775,181,18
5,443,167,26
5,670,165,20
5,504,160,24
5,400,182,29
5,683,164,19
5,408,172,28
5,574,148,21
5,578,180,23
5,712,172,19
5,403,170,28
5,630,199,23
5,392,165,28
5,583,146,20
5,525,178,25
5,386,161,28
5,756,156,17
5,450,163,26
5,587,160,21
5,697,188,21
5,756,179,19
5,817,167,16
5,440,148,25
5,576,169,22
5,467,162,25
5,586,182,23
5,728,190,20
5,822,170,16
5,512,173,25
5,668,172,20
5,440,175,27
5,756,187,19
5,562,165,23
5,606,157,21
5,397,163,27
5,701,177,20
5,430,173,27
5,369,168,29
5,505,181,26
5,575,172,23
5,549,169,23
5,529,171,24
5,760,181,19
5,488,187,27
5,526,162,23
5,545,193,25
5,595,164,22
5,577,177,23
5,716,184,20
5,535,148,22
5,586,176,23
5,323,174,32
5,495,173,25
5,520,156,23
5,687,177,20
5,507,158,23
5,417,183,29
5,332,183,32
5,564,174,23
5,254,164,34
5,392,159,27
5,417,145,25
5,445,172,27
5,314,163,31
5,769,172,18
5,417,183,28
5,427,161,26
5,417,168,27
5,402,156,27
5,337,171,31
5,282,177,34
5,639,165,21
5,325,162,30
5,744,166,18
5,515,182,25
5,412,160,27
5,566,173,23
5,499,159,24
5,625,141,19
5,797,180,17
5,622,185,22
5,678,182,21
5,584,159,21
5,645,164,20
5,405,161,27
5,391,180,29
5,812,166,16
5,641,164,20
5,422,180,28
5,564,173,23
5,474,165,25
5,676,178,21
5,481,167,25
5,640,167,21
5,727,169,19
5,560,160,22
5,519,164,24
5,710,199,21
5,500,151,23
5,588,159,21
5,467,161,25
5,538,175,24
5,608,173,22
5,448,173,27
5,567,179,23
5,285,175,33
5,437,167,26
5,740,166,18
6,295,40,19
6,703,39,10
6,546,42,13
6,664,38,11
6,717,50,11
6,682,45,11
6,657,36,11
6,433,43,15
6,686,46,11
6,542,37,12
6,597,37,12
6,529,46,13
6,661,36,10
6,541,42,13
6,372,42,17
6,658,41,11
6,582,39,12
6,649,40,11
6,669,35,10
6,691,47,11
6,443,40,15
6,451,26,13
6,590,43,12
6,419,44,16
6,599,39,12
6,515,33,13
6,659,45,11
6,524,47,14
6,411,39,15
6,629,38,11
6,606,41,12
6,472,34,14
6,642,40,11
6,679,40,10
6,588,52,13
6,696,38,10
6,539,32,12
6,710,52,11
6,547,36,12
6,647,41,11
6,370,36,16
6,750,50,10
6,408,46,16
6,480,38,14
6,590,44,12
6,676,36,10
6,311,31,17
6,465,31,14
6,535,44,13
6,749,37,9
6,434,40,15
6,538,48,13
6,707,41,10
6,418,32,15
6,396,39,16
6,691,38,10
6,568,35,12
6,577,40,12
6,535,40,13
6,560,41,13
6,554,38,12
6,534,43,13
6,681,45,11
6,610,46,12
6,638,44,11
6,655,44,11
6,701,43,10
6,280,37,19
6,625,44,12
6,698,39,10
6,434,36,15
6,508,32,13
6,708,40,10
6,516,41,13
6,630,38,11
6,398,35,15
6,475,38,14
6,659,39,11
6,421,35,15
6,650,44,11
6,487,39,14
6,517,36,13
6,545,38,12
6,639,43,11
6,592,35,11
6,668,38,10
6,466,35,14
6,491,31,13
6,416,37,15
6,643,46,11
6,587,39,12
6,543,31,12
6,548,40,13
6,657,43,11
6,599,45,12
6,549,39,13
6,674,41,11
6,682,49,11
6,754,45,9
6,668,39,11
6,608,38,11
6,661,45,11
6,667,39,11
6,651,29,10
6,697,38,10
6,407,38,15
6,728,53,11
6,605,48,12
6,476,52,15
6,508,40,13
6,432,40,15
6,285,34,18
6,751,51,10
6,551,36,12
6,418,35,15
6,556,38,12
6,476,38,14
6,618,38,11
6,622,34,11
6,344,33,17
6,394,31,15
6,585,43,12
6,621,41,11
6,711,36,10
6,610,44,12
6,649,41,11
6,524,39,13
6,666,41,11
6,511,42,13
6,410,40,15
6,494,34,13
6,516,46,14
6,512,36,13
6,500,33,13
6,463,38,14
6,648,49,12
6,573,44,12
6,724,44,10
6,651,39,11
6,597,34,11
6,333,32,17
6,653,44,11
6,525,43,13
6,602,43,12
6,514,42,13
6,346,36,17
6,440,42,15
6,484,44,14
6,661,39,11
6,435,36,15
6,674,48,11
6,568,39,12
6,601,40,12
6,688,45,11
6,464,43,15
6,594,38,12
6,720,44,10
6,383,40,16
6,617,37,11
6,455,39,14
6,705,42,10
6,622,36,11
6,347,37,17
6,674,45,11
6,415,35,15
6,488,37,14
6,564,41,12
6,352,35,17
6,679,45,11
6,514,41,13
6,493,38,14
6,582,38,12
6,637,44,11
6,499,34,13
6,600,39,12
6,735,42,10
6,477,41,14
6,563,36,12
6,358,32,16
6,612,46,12
6,694,38,10
6,717,38,10
6,387,37,16
6,558,44,13
6,287,37,19
6,598,43,12
6,564,41,12
6,561,40,12
6,521,41,13
6,617,46,12
6,692,47,11
6,676,42,11
6,732,47,10
6,395,35,15
6,646,48,12
6,485,35,14
6,715,49,11
6,645,46,11
6,655,41,11
6,380,31,15
6,636,38,11
6,557,45,13
6,552,35,12
6,599,37,11
6,589,38,12
6,586,37,12
6,725,39,10
6,588,46,12
6,503,39,13
6,529,38,13
6,637,37,11
6,538,42,13
6,325,35,17
6,468,39,14
6,701,34,10
6,524,38,13
6,670,46,11
6,693,48,11
6,546,39,13
6,419,36,15
6,364,43,17
6,609,45,12
6,613,44,12
6,735,42,10
6,540,37,12
6,712,41,10
6,702,47,11
6,512,46,14
6,750,38,9
6,467,40,14
6,374,36,16
6,429,40,15
6,705,45,10
6,593,41,12
6,617,45,12
6,637,41,11
6,530,44,13
6,739,51,10
6,568,37,12
6,574,36,12
6,544,41,13
6,636,46,12
6,549,39,13
6,666,42,11
6,720,41,10
6,602,46,12
6,467,43,14
6,587,41,12
6,471,37,14
6,444,31,14
6,547,40,13
6,383,41,16
6,574,37,12
6,529,41,13
6,659,41,11
6,516,43,13
6,574,42,12
6,655,47,11
6,547,37,12
6,539,38,13
6,562,44,13
6,715,43,10
6,738,38,9
6,709,47,11
6,379,40,16
6,556,38,12
6,391,36,16
6,390,33,15
6,533,41,13
6,402,37,15
6,483,39,14
6,567,34,12
6,425,33,15
6,451,35,14
6,757,44,9
6,619,33,11
6,682,41,11
6,493,43,14
6,614,38,11
6,476,42,14
6,674,36,10
6,596,33,11
6,718,39,10
6,661,42,11
6,524,47,14
6,430,43,15
6,611,44,12
6,678,44,11
6,487,40,14
6,546,36,12
6,747,46,10
6,697,45,11
6,626,38,11
6,493,49,14
6,595,43,12
6,458,37,14
6,576,43,12
6,663,43,11
6,608,48,12
6,555,41,13
6,492,32,13
6,635,38,11
6,723,45,10
6,512,38,13
6,729,40,10
6,738,43,10
6,532,44,13
6,627,39,11
6,492,40,14
6,555,40,12
6,615,38,11
6,606,32,11
6,674,38,10
6,412,42,16
6,489,36,13
6,609,40,12
6,538,43,13
6,690,44,11
6,425,31,14
6,700,40,10
6,413,36,15
6,684,43,11
6,596,40,12
6,703,39,10
6,635,43,11
6,679,43,11
6,720,37,10
6,442,37,15
6,524,43,13
6,485,45,14
6,638,44,11
6,659,45,11
6,460,41,14
6,612,39,11
6,628,43,11
6,684,41,10
6,489,39,14
6,673,43,11
6,691,47,11
6,746,47,10
6,538,42,13
6,700,49,11
6,371,36,16
6,432,38,15
6,593,44,12
6,574,41,12
6,626,32,11
6,561,46,13
6,674,41,11
6,652,38,11
6,559,37,12
6,749,46,10
6,522,39,13
6,749,42,9
6,623,45,12
6,500,40,14
6,445,38,15
6,479,48,15
6,569,30,11
6,729,48,10
6,435,38,15
6,731,44,10
6,748,47,10
6,399,37,16
6,677,42,11
6,665,38,10
6,745,39,9
6,528,39,13
6,455,37,14
6,703,40,10
6,482,39,14
6,632,44,11
6,580,37,12
6,547,40,13
6,698,46,11
6,670,40,11
6,649,43,11
6,713,42,10
6,473,41,14
6,660,41,11
6,664,41,11
6,634,42,11
6,651,40,11
6,726,40,10
6,425,43,15
6,623,39,11
6,591,43,12
6,436,44,15
6,641,42,11
6,599,37,11
6,692,38,10
6,678,48,11
6,363,38,16
6,661,38,11
6,475,38,14
6,671,47,11
6,397,28,15
6,583,35,12
6,626,49,12
6,654,38,11
6,694,42,10
6,548,33,12
6,386,41,16
6,619,35,11
6,490,30,13
6,657,36,10
6,520,43,13
6,609,41,12
6,690,40,10
6,633,42,11
6,623,44,12
6,570,42,12
6,704,43,10
6,720,37,10
6,496,37,13
6,561,37,12
6,714,40,10
6,582,45,12
7,838,80,10
7,889,88,10
7,954,93,10
7,814,92,11
7,897,98,10
7,976,97,10
7,823,81,10
7,1073,91,8
7,882,91,10
7,999,109,10
7,1081,91,8
7,907,89,10
7,969,88,9
7,921,84,9
7,979,83,9
7,788,102,12
7,904,89,10
7,987,117,11
7,937,68,8
7,919,98,10
7,801,102,12
7,856,96,11
7,922,88,10
7,955,89,9
7,831,87,11
7,953,96,10
7,1043,96,9
7,1023,84,8
7,866,105,11
7,905,90,10
7,1056,94,9
7,961,88,9
7,883,84,10
7,845,107,12
7,1015,92,9
7,1040,96,9
7,969,83,9
7,939,84,9
7,973,83,9
7,913,100,10
7,920,75,9
7,1052,98,9
7,901,70,9
7,1003,103,10
7,790,57,9
7,938,84,9
7,876,69,9
7,859,83,10
7,908,95,10
7,1002,66,8
7,1065,81,8
7,901,83,10
7,1062,85,8
7,1017,90,9
7,820,97,11
7,868,82,10
7,951,93,10
7,849,89,10
7,1019,104,10
7,911,66,8
7,1001,84,9
7,1029,85,8
7,873,91,10
7,905,81,9
7,800,77,10
7,811,83,11
7,993,88,9
7,881,81,10
7,909,70,9
7,985,95,9
7,952,83,9
7,941,92,10
7,954,77,9
7,990,93,9
7,959,86,9
7,946,101,10
7,898,97,10
7,1058,81,8
7,934,86,9
7,939,71,8
7,993,103,10
7,878,68,9
7,1041,99,9
7,896,71,9
7,1044,113,10
7,927,86,9
7,1009,103,10
7,831,72,10
7,1004,95,9
7,997,84,9
7,958,57,8
7,896,86,10
7,809,94,11
7,886,102,11
7,1056,110,9
7,1051,66,7
7,984,81,9
7,843,86,10
7,897,102,11
7,991,79,8
7,954,103,10
7,933,80,9
7,887,75,9
7,919,76,9
7,928,82,9
7,974,90,9
7,941,70,8
7,1015,81,8
7,1056,92,9
7,848,89,11
7,900,92,10
7,1017,93,9
7,913,60,8
7,982,103,10
7,1010,92,9
7,924,74,9
7,1067,97,9
7,970,96,10
7,953,80,9
7,874,82,10
7,1060,74,8
7,934,99,10
7,964,94,10
7,904,94,10
7,798,68,10
7,899,89,10
7,922,92,10
7,944,76,9
7,1012,85,9
7,1033,96,9
7,849,81,10
7,1047,95,9
7,840,94,11
7,865,81,10
7,914,94,10
7,1034,104,9
7,924,103,10
7,882,71,9
7,878,95,10
7,916,67,8
7,947,86,9
7,1002,82,9
7,907,71,9
7,870,70,9
7,856,80,10
7,858,95,11
7,890,87,10
7,901,92,10
7,924,104,10
7,1083,77,7
7,845,98,11
7,789,90,11
7,952,90,9
7,938,88,9
7,929,101,10
7,947,90,9
7,926,84,9
7,954,100,10
7,953,74,9
7,872,85,10
7,811,81,11
7,916,95,10
7,936,105,10
7,959,83,9
7,956,89,9
7,828,82,10
7,962,103,10
7,988,78,8
7,885,87,10
7,1092,112,9
7,908,90,10
7,1002,90,9
7,838,95,11
7,1001,91,9
7,915,102,10
7,868,88,10
7,981,87,9
7,1041,81,8
7,998,102,10
7,998,107,10
7,920,104,10
7,987,72,8
7,1057,98,9
7,984,84,9
7,919,88,10
7,1026,93,9
7,989,115,10
7,941,74,9
7,1059,107,9
7,940,97,10
7,829,79,10
7,872,61,9
7,854,81,10
7,1038,97,9
7,922,60,8
7,1035,85,8
7,862,85,10
7,985,99,10
7,917,91,10
7,884,79,9
7,834,97,11
7,1009,82,8
7,927,72,9
7,826,84,10
7,1006,77,8
7,935,84,9
7,950,95,10
7,888,83,10
7,836,84,10
7,960,81,9
7,957,91,9
7,972,72,8
7,930,85,9
7,1017,91,9
7,795,78,11
7,918,89,10
7,952,80,9
7,917,84,9
7,1043,89,8
7,935,97,10
7,812,73,10
7,938,75,9
7,961,80,9
7,907,77,9
7,889,88,10
7,1006,88,9
7,853,78,10
7,1078,87,8
7,905,88,10
7,820,86,11
7,977,84,9
7,994,84,9
7,936,94,10
7,1023,95,9
7,871,71,9
7,958,82,9
7,969,93,9
7,951,99,10
7,905,76,9
7,1011,99,9
7,962,87,9
7,962,95,10
7,897,87,10
7,1052,97,9
7,905,94,10
7,944,95,10
7,910,91,10
7,972,94,9
7,982,99,10
7,872,73,9
7,929,84,9
7,957,85,9
7,926,82,9
7,989,90,9
7,968,83,9
7,924,59,8
7,926,92,10
7,845,102,11
7,848,89,10
7,953,83,9
7,793,84,11
7,783,76,11
7,1031,105,9
7,963,95,10
7,932,77,9
7,1001,74,8
7,844,78,10
7,1013,88,9
7,841,78,10
7,806,83,11
7,999,108,10
7,1069,105,9
7,957,86,9
7,981,81,9
7,897,83,10
7,987,92,9
7,884,92,10
7,846,78,10
7,1018,98,9
7,820,89,11
7,1076,95,8
7,978,87,9
7,951,77,9
7,974,101,10
7,918,67,8
7,1037,92,9
7,1007,105,10
7,1009,88,9
7,878,87,10
7,914,72,9
7,953,93,10
7,864,110,11
7,840,86,10
7,993,80,8
7,1048,82,8
7,824,80,10
7,909,72,9
7,892,87,10
7,874,74,9
7,921,101,10
7,950,91,9
7,963,74,8
7,794,79,11
7,917,54,8
7,820,79,10
7,976,75,8
7,1048,83,8
7,965,82,9
7,1042,88,8
7,1043,79,8
7,944,82,9
7,932,76,9
7,1073,98,9
7,935,92,10
7,948,83,9
7,1006,93,9
7,819,72,10
7,951,68,8
7,901,95,10
7,992,71,8
7,894,99,10
7,924,93,10
7,990,96,9
7,840,94,11
7,940,89,9
7,835,93,11
7,963,65,8
7,949,79,9
7,1014,89,9
7,1001,78,8
7,979,113,10
7,1027,88,9
7,912,97,10
7,889,83,10
7,1045,109,10
7,864,85,10
7,993,92,9
7,971,75,8
7,946,82,9
7,895,102,11
7,978,86,9
7,959,80,9
7,926,111,11
7,811,81,10
7,943,86,9
7,949,92,10
7,928,66,8
7,1007,73,8
7,909,88,10
7,880,84,10
7,937,82,9
7,1014,86,9
7,920,87,10
7,791,85,11
7,1053,118,10
7,999,83,9
7,863,75,10
7,926,98,10
7,889,75,9
7,807,62,9
7,928,71,9
7,943,105,10
7,998,107,10
7,996,87,9
7,880,87,10
7,981,88,9
7,889,80,9
7,1026,82,8
7,961,72,8
7,978,89,9
7,896,74,9
7,905,89,10
7,1044,73,8
7,881,99,11
7,1041,109,10
7,1027,105,9
7,1002,87,9
7,1021,103,9
7,966,84,9
7,785,87,11
7,832,76,10
7,829,73,10
7,1016,88,9
7,952,75,9
7,959,110,10
7,893,75,9
7,875,98,11
7,819,76,10
7,967,101,10
7,857,81,10
7,917,97,10
7,1074,94,8
7,837,81,10
7,942,107,10
7,983,92,9
7,975,88,9
7,820,83,10
7,966,86,9
7,918,88,10
7,906,76,9
7,1000,80,8
7,882,93,10
7,853,77,10
7,873,64,9
7,934,80,9
7,973,82,9
7,903,86,10
7,818,86,11
7,1035,90,9
7,923,92,10
7,1040,77,8
7,1032,80,8
7,943,85,9
7,897,91,10
7,881,89,10
7,902,93,10
7,947,75,9
7,885,106,11
7,873,93,10
7,830,87,11
7,953,113,11
7,788,88,11
7,792,75,10
7,1003,105,10
7,879,94,10
7,926,101,10
7,1004,85,9
7,895,82,10
7,917,93,10
7,1049,105,9
7,847,80,10
7,1051,67,7
7,962,93,9
7,954,92,10
7,1065,84,8
7,986,80,9
7,932,90,10
7,905,62,8
7,881,80,10
7,882,100,11
7,883,76,9
7,926,87,9
7,931,81,9
7,845,79,10
7,870,96,11
7,1027,70,8
7,928,105,10
7,1026,87,9
7,839,82,10
7,1046,104,9
7,857,77,10
7,866,86,10
7,956,87,9
7,821,82,10
7,980,75,8
7,878,72,9
7,907,107,11
7,1076,87,8
7,951,79,9
7,1016,109,10
7,1042,81,8
7,841,81,10
7,951,91,9
7,932,94,10
7,1008,88,9
7,788,64,10
7,998,77,8
7,919,84,9
7,994,90,9
7,786,88,11
7,832,74,10
7,965,89,9
7,1007,104,10
7,988,78,8
7,944,116,11
7,951,94,10
7,878,97,11
7,1051,81,8
7,950,112,11
7,956,81,9
8,1799,243,11
8,1644,233,12
8,1566,224,13
8,1561,228,13
8,1637,229,12
8,1759,235,11
8,1755,235,11
8,1553,225,14
8,1757,239,11
8,1855,247,11
8,1559,223,13
8,1568,229,13
8,1771,237,11
8,1753,235,11
8,1571,228,13
8,1560,226,13
8,1743,237,11
8,1623,230,12
8,1657,233,12
8,1603,236,13
8,1723,233,12
8,1710,234,12
8,1604,231,13
8,1796,238,11
8,1783,241,11
8,1654,233,12
8,1597,227,13
8,1812,240,11
8,1655,230,12
8,1680,236,12
8,1610,229,13
8,1609,230,13
8,1698,232,12
8,1612,225,12
8,1827,241,11
8,1837,243,11
8,1554,227,14
8,1653,227,12
8,1621,235,13
8,1609,232,13
8,1761,238,11
8,1590,224,13
8,1578,223,13
8,1752,236,11
8,1563,224,13
8,1627,229,12
8,1630,233,12
8,1820,243,11
8,1595,230,13
8,1607,231,13
8,1828,240,11
8,1564,227,13
8,1552,231,14
8,1852,242,10
8,1832,242,11
8,1763,240,11
8,1654,232,12
8,1618,227,12
8,1761,236,11
8,1695,232,12
8,1721,236,12
8,1779,237,11
8,1815,235,11
8,1659,233,12
8,1779,234,11
8,1655,234,12
8,1686,231,12
8,1776,239,11
8,1764,238,11
8,1707,236,12
8,1728,235,12
8,1840,246,11
8,1694,234,12
8,1591,225,13
8,1668,232,12
8,1762,242,11
8,1642,233,12
8,1733,239,12
8,1557,227,14
8,1669,230,12
8,1803,235,11
8,1738,236,11
8,1758,239,11
8,1613,233,13
8,1685,233,12
8,1640,228,12
8,1648,231,12
8,1589,225,13
8,1633,232,12
8,1709,239,12
8,1569,226,13
8,1732,236,12
8,1804,244,11
8,1803,242,11
8,1808,236,11
8,1757,236,11
8,1772,232,11
8,1856,243,10
8,1804,240,11
8,1746,237,11
8,1826,242,11
8,1834,240,11
8,1794,245,11
8,1684,236,12
8,1781,241,11
8,1694,240,12
8,1626,232,12
8,1556,222,13
8,1592,231,13
8,1581,228,13
8,1802,239,11
8,1848,247,11
8,1720,233,12
8,1648,231,12
8,1616,231,13
8,1828,243,11
8,1751,234,11
8,1809,242,11
8,1599,229,13
8,1650,232,12
8,1670,230,12
8,1690,239,12
8,1709,234,12
8,1770,238,11
8,1629,230,12
8,1582,225,13
8,1811,238,11
8,1628,234,12
8,1825,242,11
8,1713,233,12
8,1677,236,12
8,1793,237,11
8,1744,235,11
8,1675,234,12
8,1798,241,11
8,1808,244,11
8,1725,238,12
8,1823,240,11
8,1646,227,12
8,1747,241,12
8,1685,233,12
8,1742,237,11
8,1661,231,12
8,1740,241,12
8,1570,226,13
8,1838,240,11
8,1763,247,12
8,1611,231,13
8,1853,241,10
8,1775,239,11
8,1636,236,12
8,1782,235,11
8,1851,241,10
8,1587,229,13
8,1699,236,12
8,1641,235,12
8,1845,246,11
8,1744,234,11
8,1768,244,11
8,1700,230,12
8,1643,229,12
8,1737,237,12
8,1829,240,11
8,1801,230,11
8,1634,231,12
8,1620,229,12
8,1631,231,12
8,1593,230,13
8,1720,239,12
8,1598,229,13
8,1608,230,13
8,1585,230,13
8,1549,221,14
8,1775,242,11
8,1651,233,12
8,1695,237,12
8,1817,241,11
8,1632,229,12
8,1703,234,12
8,1836,240,11
8,1614,232,13
8,1632,231,12
8,1645,238,12
8,1573,227,13
8,1854,239,10
8,1699,232,12
8,1841,241,11
8,1687,231,12
8,1643,229,12
8,1773,238,11
8,1673,233,12
8,1672,237,12
8,1849,246,11
8,1839,238,11
8,1619,223,12
8,1704,235,12
8,1708,239,12
8,1594,230,13
8,1809,234,11
8,1760,238,11
8,1683,230,12
8,1722,238,12
8,1756,243,12
8,1550,221,14
8,1666,237,12
8,1685,232,12
8,1687,236,12
8,1708,238,12
8,1755,238,11
8,1711,235,12
8,1616,230,12
8,1688,231,12
8,1766,238,11
8,1689,234,12
8,1737,236,12
8,1795,240,11
8,1693,231,12
8,1721,232,12
8,1639,234,12
8,1850,237,10
8,1716,234,12
8,1617,229,12
8,1751,233,11
8,1774,233,11
8,1574,230,13
8,1557,227,14
8,1694,234,12
8,1622,232,12
8,1817,238,11
8,1704,237,12
8,1705,240,12
8,1821,237,11
8,1660,235,12
8,1736,230,11
8,1558,225,13
8,1695,236,12
8,1706,236,12
8,1843,240,11
8,1616,228,12
8,1606,230,13
8,1671,233,12
8,1719,234,12
8,1786,233,11
8,1730,236,12
8,1728,239,12
8,1686,231,12
8,1732,243,12
8,1733,232,11
8,1612,231,13
8,1732,232,11
8,1814,237,11
8,1714,236,12
8,1678,235,12
8,1636,232,12
8,1793,237,11
8,1663,233,12
8,1819,237,11
8,1822,239,11
8,1653,233,12
8,1676,229,12
8,1823,239,11
8,1635,231,12
8,1586,225,13
8,1769,235,11
8,1712,234,12
8,1847,243,11
8,1565,225,13
8,1716,233,12
8,1806,236,11
8,1691,235,12
8,1765,240,11
8,1681,233,12
8,1639,227,12
8,1774,241,11
8,1608,229,13
8,1755,234,11
8,1817,241,11
8,1817,242,11
8,1663,232,12
8,1601,230,13
8,1643,235,12
8,1572,228,13
8,1563,225,13
8,1669,230,12
8,1704,232,12
8,1769,236,11
8,1749,235,11
8,1793,239,11
8,1709,236,12
8,1750,230,11
8,1682,238,12
8,1686,230,12
8,1578,230,13
8,1577,225,13
8,1756,238,11
8,1660,234,12
8,1788,238,11
8,1806,236,11
8,1785,236,11
8,1639,234,12
8,1583,229,13
8,1680,233,12
8,1682,231,12
8,1701,234,12
8,1842,239,11
8,1706,235,12
8,1726,237,12
8,1682,235,12
8,1736,240,12
8,1807,239,11
8,1624,235,13
8,1692,234,12
8,1615,225,12
8,1804,234,11
8,1628,226,12
8,1554,228,14
8,1741,231,11
8,1748,230,11
8,1709,235,12
8,1690,232,12
8,1792,245,11
8,1738,238,12
8,1761,238,11
8,1725,234,12
8,1783,241,11
8,1830,238,11
8,1747,236,11
8,1667,235,12
8,1691,235,12
8,1647,228,12
8,1613,232,13
8,1768,235,11
8,1695,235,12
8,1695,237,12
8,1800,240,11
8,1767,238,11
8,1690,239,12
8,1731,235,12
8,1579,231,13
8,1658,230,12
8,1730,237,12
8,1569,228,13
8,1769,243,11
8,1596,227,13
8,1735,238,12
8,1567,223,13
8,1844,243,11
8,1584,228,13
8,1714,234,12
8,1649,232,12
8,1810,238,11
8,1778,238,11
8,1835,241,11
8,1798,242,11
8,1820,239,11
8,1711,234,12
8,1664,232,12
8,1704,232,12
8,1626,228,12
8,1676,232,12
8,1724,238,12
8,1766,239,11
8,1620,231,12
8,1694,230,12
8,1817,240,11
8,1734,240,12
8,1702,238,12
8,1605,229,13
8,1562,225,13
8,1747,235,11
8,1823,239,11
8,1674,229,12
8,1797,239,11
8,1696,236,12
8,1576,227,13
8,1716,234,12
8,1777,241,11
8,1631,226,12
8,1824,238,11
8,1728,233,11
8,1833,239,11
8,1757,235,11
8,1699,238,12
8,1580,227,13
8,1801,239,11
8,1719,238,12
8,1736,238,12
8,1555,225,13
8,1715,232,12
8,1690,231,12
8,1652,234,12
8,1846,248,11
8,1575,226,13
8,1730,236,12
8,1629,230,12
8,1749,240,11
8,1754,232,11
8,1813,237,11
8,1636,237,13
8,1638,233,12
8,1604,231,13
8,1697,235,12
8,1625,228,12
8,1784,242,11
8,1725,234,12
8,1617,226,12
8,1665,231,12
8,1747,238,11
8,1791,236,11
8,1570,225,13
8,1831,241,11
8,1704,237,12
8,1765,239,11
8,1793,246,11
8,1634,228,12
8,1588,225,13
8,1770,241,11
8,1718,237,12
8,1551,225,14
8,1717,237,12
8,1653,229,12
8,1780,234,11
8,1790,243,11
8,1656,230,12
8,1630,232,12
8,1576,229,13
8,1665,232,12
8,1805,240,11
8,1745,235,11
8,1608,226,12
8,1760,239,11
8,1717,235,12
8,1787,239,11
8,1724,233,11
8,1600,227,13
8,1789,238,11
8,1610,228,13
8,1683,238,12
8,1729,234,11
8,1626,233,12
8,1818,240,11
8,1602,231,13
8,1708,235,12
8,1744,236,11
8,1595,230,13
8,1679,234,12
8,1727,234,12
8,1783,240,11
8,1662,231,12
8,1665,228,12
8,1662,232,12
8,1610,231,13
8,1816,245,11
8,1616,231,13
8,1739,234,11
